{"cameraMode":{"drawMode":0,"name":"Shaded","section":"Shading Mode"},"sceneLighting":true,"audioPlay":false,"sceneViewState":{"m_AlwaysRefresh":false,"showFog":true,"showSkybox":true,"showFlares":true,"showImageEffects":true,"showParticleSystems":true,"showVisualEffectGraphs":true,"m_FxEnabled":true},"in2DMode":false,"pivot":{"x":-2.5751407146453859,"y":4.302022457122803,"z":7.750471115112305},"rotation":{"x":-0.040755148977041247,"y":-0.9592711329460144,"z":0.20025989413261414,"w":-0.19515706598758698},"size":2.1379787921905519,"orthographic":false}